un;a
abandonner;abandon
capacité;ability
capable;able
avortement;abortion
environ;about
au-dessus;above
à l'étranger;abroad
absence;absence
absolu;absolute
absolument;absolutely
absorber;absorb
abus;abuse
académique;academic
accepter;accept
accs;access
accident;accident
accompagner;accompany
accomplir;accomplish
selon;according
compte;account
précis;accurate
Frais;accuse
accomplir;achieve
exploit;achievement
acide;acid
reconnaître;acknowledge
acquérir;acquire
à travers;across
acte;act
action;action
actif;active
activiste;activist
activité;activity
acteur;actor
actrice;actress
courant;actual
en fait;actually
annonce;ad
adapter;adapt
ajouter;add
addition;addition
additionnel;additional
adresse;address
adéquat;adequate
ajuster;adjust
ajustement;adjustment
administration;administration
administrateur;administrator
admirer;admire
admission;admission
admettre;admit
adolescent;adolescent
adopter;adopt
adulte;adult
avance;advance
avancé;advanced
avantage;advantage
aventure;adventure
publicités;advertising
conseil;advice
conseiller;advise
conseiller;adviser
avocat;advocate
affaire;affair
affecter;affect
permettre;afford
effrayé;afraid
Africain;African
Afro-américain;African-American
aprs;after
Aprs-midi;afternoon
encore;again
contre;against
âge;age
agence;agency
ordre du jour;agenda
agent;agent
agressif;aggressive
il y a;ago
accepter;agree
accord;agreement
agricole;agricultural
ah;ah
devant;ahead
aide;aid
aide;aide
SIDA;AIDS
viser;aim
air;air
aéronef;aircraft
compagnie aérienne;airline
aéroport;airport
album;album
alcool;alcohol
vivant;alive
tout;all
alliance;alliance
permettre;allow
allié;ally
presque;almost
seul;alone
le long de;along
déjà;already
aussi;also
âge;alter
alternatif;alternative
quoique;although
toujours;always
Sur le;AM
stupéfiant;amazing
Américain;American
parmi;among
quantité;amount
analyse;analysis
analyste;analyst
analyser;analyze
ancien;ancient
et;and
colre;anger
angle;angle
fâché;angry
animal;animal
anniversaire;anniversary
annoncer;announce
annuel;annual
autre;another
répondre;answer
anticiper;anticipate
anxiété;anxiety
quelconque;any
n'importe qui;anybody
Plus;anymore
n'importe qui;anyone
rien;anything
de toute faon;anyway
quelque part;anywhere
à part;apart
appartement;apartment
apparent;apparent
apparemment;apparently
appel;appeal
Apparaître;appear
apparence;appearance
pomme;apple
application;application
appliquer;apply
nommer;appoint
rendez-vous;appointment
apprécier;appreciate
approcher;approach
approprié;appropriate
approbation;approval
approuver;approve
environ;approximately
Arabe;Arab
architecte;architect
aire;area
se disputer;argue
argument;argument
se lever;arise
bras;arm
armé;armed
armée;army
autour;around
arranger;arrange
arrangement;arrangement
arrestation;arrest
arrivée;arrival
arrive;arrive
art;art
article;article
artiste;artist
artistique;artistic
comme;as
Asiatique;Asian
aparté;aside
demander;ask
endormi;asleep
aspect;aspect
assaut;assault
affirmer;assert
évaluer;assess
évaluation;assessment
atout;asset
assigner;assign
mission;assignment
aider;assist
assistance;assistance
assistant;assistant
associer;associate
association;association
supposer;assume
supposition;assumption
assure;assure
à;at
athlte;athlete
athlétique;athletic
atmosphre;atmosphere
joindre;attach
attaquer;attack
essayer;attempt
fréquenter;attend
attention;attention
attitude;attitude
avocat;attorney
attirer;attract
attractif;attractive
attribut;attribute
audience;audience
auteur;author
autorité;authority
voiture;auto
disponible;available
moyenne;average
éviter;avoid
prix;award
conscient;aware
conscience;awareness
loin;away
terrible;awful
bébé;baby
Précédent;back
arrire-plan;background
mauvais;bad
mal;badly
sac;bag
cuire;bake
balance;balance
ballon;ball
interdiction;ban
bande;band
banque;bank
bar;bar
à peine;barely
barrique;barrel
barrire;barrier
base;base
base-ball;baseball
basique;basic
fondamentalement;basically
base;basis
panier;basket
basket-ball;basketball
salle de Bains;bathroom
pile;battery
bataille;battle
tre;be
plage;beach
haricot;bean
ours;bear
battre;beat
belle;beautiful
beauté;beauty
parce que;because
devenir;become
lit;bed
chambre;bedroom
bire;beer
avant;before
commencer;begin
commencement;beginning
comportement;behavior
derrire;behind
tre;being
croyance;belief
croire;believe
cloche;bell
appartenir;belong
sous;below
ceinture;belt
banc;bench
courber;bend
sous;beneath
avantage;benefit
à côté de;beside
en outre;besides
meilleur;best
mais;bet
mieux;better
entre;between
au-delà;beyond
Bible;Bible
grand;big
vélo;bike
facture;bill
milliard;billion
lier;bind
biologique;biological
oiseau;bird
naissance;birth
anniversaire;birthday
mors;bit
mordre;bite
noir;black
lame;blade
blâme;blame
couverture;blanket
aveugle;blind
bloquer;block
sang;blood
souffler;blow
bleu;blue
planche;board
bateau;boat
corps;body
bombe;bomb
bombardement;bombing
obligation;bond
os;bone
livre;book
boom;boom
botte;boot
frontire;border
né;born
emprunter;borrow
patron;boss
les deux;both
déranger;bother
bouteille;bottle
fond;bottom
limite;boundary
bol;bowl
boîte;box
garon;boy
petit ami;boyfriend
cerveau;brain
branche;branch
marque;brand
pain;bread
casser;break
petit déjeuner;breakfast
sein;breast
haleine;breath
respirer;breathe
brique;brick
pont;bridge
bref;brief
brivement;briefly
brillant;bright
brillant;brilliant
apporter;bring
Britannique;British
large;broad
cassé;broken
Frre;brother
Marron;brown
brosse;brush
bouquin;buck
budget;budget
construire;build
bâtiment;building
balle;bullet
botte;bunch
fardeau;burden
bréler;burn
enterrer;bury
bus;bus
affaire;business
occupé;busy
mais;but
beurre;butter
bouton;button
acheter;buy
acheteur;buyer
par;by
cabine;cabin
cabinet;cabinet
câble;cable
gâteau;cake
calculer;calculate
appeler;call
caméra;camera
camp;camp
campagne;campaign
campus;campus
pouvoir;can
Canadien;Canadian
cancer;cancer
candidat;candidate
tte;cap
capacité;capability
capable;capable
capacité;capacity
capital;capital
capitaine;captain
capturer;capture
voiture;car
carbone;carbon
carte;card
soin;care
carrire;career
prudent;careful
soigneusement;carefully
transporteur;carrier
porter;carry
cas;case
argent;cash
jeter;cast
chat;cat
catch;catch
catégorie;category
Catholique;Catholic
cause;cause
plafond;ceiling
célébrer;celebrate
fte;celebration
célébrité;celebrity
cellule;cell
centre;center
central;central
sicle;century
PDG;CEO
cérémonie;ceremony
certain;certain
certainement;certainly
chaîne;chain
chaise;chair
président;chairman
défi;challenge
chambre;chamber
champion;champion
championnat;championship
hasard;chance
changement;change
changeant;changing
canal;channel
chapitre;chapter
personnage;character
caractéristique;characteristic
caractériser;characterize
charger;charge
charité;charity
graphique;chart
chasser;chase
bon marché;cheap
vérifier;check
joue;cheek
fromage;cheese
chef;chef
chimique;chemical
poitrine;chest
poulet;chicken
chef;chief
enfant;child
enfance;childhood
Chinois;Chinese
puce;chip
chocolat;chocolate
choix;choice
cholestérol;cholesterol
choisir;choose
Chrétien;Christian
No‘l;Christmas
église;church
cigarette;cigarette
cercle;circle
circonstance;circumstance
citer;cite
citoyen;citizen
ville;city
civil;civil
civil;civilian
revendication;claim
classe;class
classique;classic
salle de classe;classroom
propre;clean
clair;clear
clairement;clearly
client;client
climat;climate
grimper;climb
clinique;clinic
clinique;clinical
horloge;clock
fermer;close
étroitement;closely
Rapproche;closer
vtement;clothes
vtement;clothing
nuage;cloud
club;club
indice;clue
Grappe;cluster
entraîneur;coach
charbon;coal
coalition;coalition
côte;coast
manteau;coat
code;code
café;coffee
cognitif;cognitive
froid;cold
effondrement;collapse
collgue;colleague
recueillir;collect
collection;collection
collectif;collective
université;college
colonial;colonial
Couleur;color
colonne;column
combinaison;combination
combiner;combine
Quoi;come
comédie;comedy
confort;comfort
confortable;comfortable
commander;command
commandant;commander
commentaire;comment
commercial;commercial
commission;commission
commettre;commit
engagement;commitment
comité;committee
commun;common
communiquer;communicate
communication;communication
communauté;community
compagnie;company
comparer;compare
comparaison;comparison
rivaliser;compete
compétition;competition
compétitif;competitive
concurrent;competitor
se plaindre;complain
plainte;complaint
complet;complete
compltement;completely
complexe;complex
compliqué;complicated
composant;component
compose;compose
composition;composition
complet;comprehensive
ordinateur;computer
concentrer;concentrate
concentration;concentration
concept;concept
concerner;concern
inquiet;concerned
concert;concert
Conclut;conclude
conclusion;conclusion
béton;concrete
condition;condition
conduite;conduct
conférence;conference
confiance;confidence
confiant;confident
confirmer;confirm
conflit;conflict
confronter;confront
confusion;confusion
Congrs;Congress
Congrs;congressional
relier;connect
connexion;connection
conscience;consciousness
consensus;consensus
conséquence;consequence
conservateur;conservative
considérer;consider
considérable;considerable
considération;consideration
consister;consist
cohérent;consistent
constant;constant
constamment;constantly
constituer;constitute
constitutionnel;constitutional
construire;construct
construction;construction
consultant;consultant
consommer;consume
consommateur;consumer
consommation;consumption
contact;contact
contenir;contain
conteneur;container
contemporain;contemporary
contenu;content
concours;contest
contexte;context
continuer;continue
Continué;continued
contrat;contract
contraste;contrast
contribuer;contribute
contribution;contribution
contrôle;control
controversé;controversial
controverse;controversy
convention;convention
conventionnel;conventional
conversation;conversation
convertir;convert
conviction;conviction
convaincre;convince
cuire;cook
biscuit;cookie
cuisine;cooking
refroidir;cool
coopération;cooperation
flic;cop
faire face;cope
copier;copy
noyau;core
ma•s;corn
coin;corner
corporatif;corporate
société;corporation
C'est bien a;correct
correspondant;correspondent
coét;cost
coton;cotton
canapé;couch
purent;could
conseil;council
conseiller;counselor
compter;count
compteur;counter
pays;country
Comté;county
couple;couple
courage;courage
cours;course
cour;court
cousin;cousin
couvrir;cover
couverture;coverage
vache;cow
fissure;crack
métier;craft
krach;crash
fou;crazy
crme;cream
créer;create
création;creation
créatif;creative
créature;creature
crédit;credit
équipage;crew
crime;crime
criminel;criminal
crise;crisis
critres;criteria
critique;critic
critique;critical
critique;criticism
critiquer;criticize
jabot;crop
croix;cross
foule;crowd
crucial;crucial
pleurer;cry
culturel;cultural
culture;culture
coupe;cup
curieux;curious
courant;current
actuellement;currently
cursus;curriculum
coutume;custom
client;customer
couper;cut
cycle;cycle
papa;dad
quotidien;daily
endommager;damage
danser;dance
danger;danger
dangereux;dangerous
Donner;dare
sombre;dark
obscurité;darkness
données;data
date;date
Fille;daughter
jour;day
mort;dead
affaire;deal
négociant;dealer
cher;dear
mort;death
débat;debate
dette;debt
décennie;decade
décider;decide
décision;decision
pont;deck
déclarer;declare
décliner;decline
diminuer;decrease
profond;deep
profondément;deeply
cerf;deer
vaincre;defeat
défendre;defend
accusé;defendant
défense;defense
défensif;defensive
déficit;deficit
définir;define
sans faute;definitely
définition;definition
degré;degree
retarder;delay
livrer;deliver
livraison;delivery
demande;demand
démocratie;democracy
Démocrate;Democrat
démocratique;democratic
démontrer;demonstrate
manifestation;demonstration
nier;deny
département;department
dépendre;depend
dépendant;dependent
Selon;depending
décrire;depict
dépression;depression
profondeur;depth
député;deputy
dériver;derive
décrire;describe
description;description
désert;desert
mériter;deserve
concevoir;design
concepteur;designer
désirer;desire
bureau;desk
désespéré;desperate
malgré;despite
détruire;destroy
destruction;destruction
détail;detail
détaillé;detailed
détecter;detect
déterminer;determine
développer;develop
développement;developing
développement;development
appareil;device
consacrer;devote
dialogue;dialogue
le;die
dite;diet
différer;differ
différence;difference
différent;different
différemment;differently
difficile;difficult
difficulté;difficulty
vous;dig
numérique;digital
dimension;dimension
Restauration;dining
dîner;dinner
direct;direct
direction;direction
directement;directly
directeur;director
saleté;dirt
sale;dirty
infirmité;disability
tre en désaccord;disagree
disparaître;disappear
désastre;disaster
discipline;discipline
discours;discourse
découvrir;discover
découverte;discovery
discrimination;discrimination
discuter;discuss
discussion;discussion
maladie;disease
plat;dish
congédier;dismiss
désordre;disorder
montrer;display
dispute;dispute
distance;distance
lointain;distant
distinct;distinct
distinction;distinction
distinguer;distinguish
distribuer;distribute
distribution;distribution
district;district
Différent;diverse
diversité;diversity
diviser;divide
division;division
divorce;divorce
ADN;DNA
de la;do
médecin;doctor
document;document
chien;dog
domestique;domestic
dominant;dominant
dominer;dominate
par;door
double;double
doute;doubt
en bas;down
centre-ville;downtown
douzaine;dozen
brouillon;draft
traîner;drag
drame;drama
dramatique;dramatic
dramatiquement;dramatically
dessiner;draw
dessin;drawing
rve;dream
robe;dress
boire;drink
conduire;drive
chauffeur;driver
goutte;drop
drogue;drug
sec;dry
Deux;due
pendant;during
poussire;dust
devoir;duty
chaque;each
avide;eager
oreille;ear
tôt;early
gagner;earn
gain;earnings
terre;earth
facilité;ease
facilement;easily
Est;east
oriental;eastern
facile;easy
manger;eat
économique;economic
économie;economics
économiste;economist
économie;economy
bord;edge
édition;edition
éditeur;editor
éduquer;educate
éducation;education
éducatif;educational
éducateur;educator
effet;effect
efficace;effective
efficacement;effectively
efficacité;efficiency
efficace;efficient
effort;effort
oeuf;egg
Huit;eight
ou;either
âgé;elderly
élire;elect
élection;election
électrique;electric
électricité;electricity
électronique;electronic
élément;element
élémentaire;elementary
éliminer;eliminate
élite;elite
autre;else
ailleurs;elsewhere
Messagerie électronique;e-mail
embrasser;embrace
émerger;emerge
Urgence;emergency
émission;emission
émotion;emotion
émotionnel;emotional
emphase;emphasis
souligner;emphasize
employer;employ
employé;employee
employeur;employer
emploi;employment
vide;empty
Activer;enable
rencontrer;encounter
encourager;encourage
fin;end
ennemi;enemy
énergie;energy
application;enforcement
engager;engage
moteur;engine
ingénieur;engineer
ingénierie;engineering
Anglais;English
améliorer;enhance
jouir;enjoy
énorme;enormous
assez;enough
assurer;ensure
entrer;enter
entreprise;enterprise
divertissement;entertainment
entier;entire
compltement;entirely
entrée;entrance
entrée;entry
environnement;environment
environnemental;environmental
épisode;episode
égal;equal
également;equally
équipement;equipment
re;era
erreur;error
échapper;escape
surtout;especially
essai;essay
essentiel;essential
essentiellement;essentially
établir;establish
établissement;establishment
propriété;estate
estimer;estimate
etc;etc
éthique;ethics
ethnique;ethnic
Européen;European
évaluer;evaluate
évaluation;evaluation
#CONNECT!;even
Soir;evening
événement;event
finalement;eventually
jamais;ever
chaque;every
tout le monde;everybody
quotidien;everyday
tout le monde;everyone
tout;everything
partout;everywhere
preuve;evidence
évolution;evolution
évoluer;evolve
exact;exact
exactement;exactly
examen;examination
examiner;examine
exemple;example
dépasser;exceed
Excellente;excellent
sauf;except
exception;exception
échanger;exchange
excitant;exciting
exécutif;executive
exercice;exercise
exhiber;exhibit
exposition;exhibition
exister;exist
existence;existence
existant;existing
élargir;expand
expansion;expansion
attendre;expect
attente;expectation
dépense;expense
cher;expensive
expérience;experience
expérience;experiment
expert;expert
expliquer;explain
explication;explanation
exploser;explode
explorer;explore
explosion;explosion
exposer;expose
Exposition;exposure
exprimer;express
expression;expression
étendre;extend
extension;extension
étendu;extensive
étendue;extent
externe;external
supplémentaire;extra
extraordinaire;extraordinary
extrême;extreme
extrêmement;extremely
oeil;eye
tissu;fabric
visage;face
installation;facility
fait;fact
facteur;factor
usine;factory
faculté;faculty
se faner;fade
échouer;fail
échec;failure
juste;fair
assez;fairly
foi;faith
tomber;fall
FAUX;false
familier;familiar
Famille;family
célbre;famous
éventail;fan
fantaisie;fantasy
loin;far
ferme;farm
cultivateur;farmer
mode;fashion
presque;fast
graisse;fat
destin;fate
Pre;father
faute;fault
faveur;favor
favori;favorite
peur;fear
caractéristique;feature
fédéral;federal
honoraires;fee
nourrir;feed
sentir;feel
sentiment;feeling
type;fellow
femelle;female
clôture;fence
peu;few
moins;fewer
fibre;fiber
fiction;fiction
champ;field
Quinze;fifteen
cinquime;fifth
Cinquante;fifty
se battre;fight
combattant;fighter
combat;fighting
figure;figure
lime;file
remplir;fill
film;film
final;final
finalement;finally
finance;finance
financier;financial
trouver;find
trouvaille;finding
fin;fine
doigt;finger
Finir;finish
Feu;fire
ferme;firm
premier;first
poisson;fish
pche;fishing
convenir;fit
aptitude;fitness
Cinq;five
réparer;fix
drapeau;flag
flamme;flame
plat;flat
saveur;flavor
fuir;flee
chair;flesh
vol;flight
flotter;float
sol;floor
couler;flow
fleur;flower
mouche;fly
foyer;focus
peuple;folk
suivre;follow
suivant;following
nourriture;food
pied;foot
football;football
pour;for
force;force
étranger;foreign
fort;forest
pour toujours;forever
oublier;forget
forme;form
formel;formal
formation;formation
ancien;former
formule;formula
Suite;forth
fortune;fortune
en avant;forward
fonder;found
fondation;foundation
fondateur;founder
Quatre;four
quatrime;fourth
cadre;frame
cadre;framework
libre;free
liberté;freedom
geler;freeze
Franais;French
fréquence;frequency
fréquent;frequent
fréquemment;frequently
frais;fresh
Ami;friend
amical;friendly
amitié;friendship
De;from
devant;front
fruit;fruit
frustration;frustration
combustible;fuel
plein;full
compltement;fully
amusement;fun
fonction;function
fonds;fund
fondamental;fundamental
financement;funding
funérailles;funeral
drôle;funny
mobilier;furniture
en outre;furthermore
futur;future
gagner;gain
galaxie;galaxy
galerie;gallery
jeu;game
bande;gang
brche;gap
garage;garage
jardin;garden
ail;garlic
gaz;gas
porte;gate
rassembler;gather
gay;gay
regard;gaze
engrenage;gear
genre;gender
gne;gene
Généralités;general
généralement;generally
générer;generate
génération;generation
génétique;genetic
monsieur;gentleman
doucement;gently
Allemand;German
geste;gesture
Avoir;get
fantôme;ghost
géant;giant
cadeau;gift
doué;gifted
fille;girl
copine;girlfriend
donner;give
donné;given
heureux;glad
regard;glance
verre;glass
global;global
gant;glove
aller;go
but;goal
Dieu;God
or;gold
doré;golden
golf;golf
bon;good
gouvernement;government
gouverneur;governor
saisir;grab
grade;grade
graduellement;gradually
diplômé;graduate
grain;grain
grand;grand
Grand-pre;grandfather
Grand-mre;grandmother
subvention;grant
herbe;grass
tombe;grave
gris;gray
génial;great
maximum;greatest
vert;green
épicerie;grocery
terre;ground
groupe;group
grandir;grow
grandissant;growing
croissance;growth
garantie;guarantee
garde;guard
deviner;guess
Invités;guest
guide;guide
directive;guideline
coupable;guilty
fusil;gun
mec;guy
habitude;habit
habitat;habitat
cheveux;hair
moitié;half
salle;hall
main;hand
poignée;handful
manche;handle
pendre;hang
arriver;happen
content;happy
dur;hard
à peine;hardly
a;hat
ha•r;hate
avoir;have
il;he
tte;head
titre;headline
quartier général;headquarters
Santé;health
sain;healthy
entendre;hear
audition;hearing
cÏur;heart
chaleur;heat
ciel;heaven
lourdement;heavily
lourd;heavy
entier;heel
hauteur;height
hélicoptre;helicopter
enfer;hell
Bonjour;hello
Aide;help
utile;helpful
son;her
ici;here
héritage;heritage
héros;hero
elle-mme;herself
hé;hey
Salut;hi
cacher;hide
haut;high
souligner;highlight
hautement;highly
autoroute;highway
colline;hill
lui;him
lui-mme;himself
hanche;hip
louer;hire
son;his
historien;historian
historique;historic
historique;historical
histoire;history
frapper;hit
tenir;hold
trou;hole
vacances;holiday
saint;holy
domicile;home
sans-abri;homeless
honnte;honest
miel;honey
honorer;honor
espoir;hope
horizon;horizon
horreur;horror
cheval;horse
hôpital;hospital
hôte;host
chaud;hot
hôtel;hotel
heure;hour
maison;house
ménage;household
logement;housing
comment;how
toutefois;however
énorme;huge
humain;human
humour;humor
Cent;hundred
affamé;hungry
chasseur;hunter
chasse;hunting
faire mal;hurt
Mari;husband
hypothse;hypothesis
Je;I
glace;ice
idée;idea
idéal;ideal
identification;identification
identifier;identify
identité;identity
Ie;ie
si;if
ignorer;ignore
malade;ill
illégal;illegal
Maladie;illness
illustrer;illustrate
image;image
imagination;imagination
imaginer;imagine
immédiat;immediate
immédiatement;immediately
immigrant;immigrant
immigration;immigration
impact;impact
instrument;implement
implication;implication
Insinuer;imply
importance;importance
important;important
impose;impose
impossible;impossible
impressionner;impress
impression;impression
impressionnant;impressive
améliorer;improve
amélioration;improvement
dans;in
incitation;incentive
incident;incident
inclure;include
y compris;including
revenu;income
incorporer;incorporate
augmenter;increase
augmenté;increased
croissant;increasing
de plus en plus;increasingly
incroyable;incredible
vraiment;indeed
indépendance;independence
indépendant;independent
index;index
Indien;Indian
indiquer;indicate
indication;indication
individu;individual
industriel;industrial
industrie;industry
enfant;infant
Infection;infection
inflation;inflation
influence;influence
informer;inform
information;information
ingrédient;ingredient
initial;initial
initialement;initially
initiative;initiative
Blessure;injury
intérieur;inner
innocent;innocent
enqute;inquiry
dedans;inside
perspicacité;insight
insister;insist
inspirer;inspire
installer;install
instance;instance
au lieu de;instead
institution;institution
institutionnel;institutional
instruction;instruction
instructeur;instructor
instrument;instrument
assurance;insurance
intellectuel;intellectual
intelligence;intelligence
avoir l'intention de;intend
intense;intense
intensité;intensity
intention;intention
interaction;interaction
intért;interest
intéressé;interested
intéressant;interesting
interne;internal
international;international
Internet;Internet
interpréter;interpret
interprétation;interpretation
intervention;intervention
interview;interview
dans;into
introduire;introduce
Introduction;introduction
invasion;invasion
investir;invest
enquter;investigate
enqute;investigation
enquteur;investigator
investissement;investment
investisseur;investor
inviter;invite
impliquer;involve
impliqué;involved
implication;involvement
Irakien;Iraqi
Irlandais;Irish
fer;iron
Islamique;Islamic
île;island
Israélien;Israeli
émettre;issue
il;it
Italien;Italian
article;item
son;its
lui-mme;itself
veste;jacket
prison;jail
Japonais;Japanese
jet;jet
Juif;Jew
Juif;Jewish
travail;job
unir;join
articulation;joint
plaisanterie;joke
journal;journal
journaliste;journalist
voyage;journey
joie;joy
juge;judge
jugement;judgment
jus;juice
sauter;jump
junior;junior
jury;jury
juste;just
justice;justice
justifier;justify
garder;keep
clé;key
coup de pied;kick
chevreau;kid
tuer;kill
tueur;killer
tuerie;killing
gentil;kind
roi;king
baiser;kiss
cuisine;kitchen
genou;knee
couteau;knife
frapper;knock
savoir;know
connaissance;knowledge
laboratoire;lab
étiquette;label
travail;labor
laboratoire;laboratory
manque;lack
dame;lady
lac;lake
terre;land
paysage;landscape
Langue;language
giron;lap
grand;large
largement;largely
dernier;last
tard;late
plus tard;later
Latin;Latin
dernier;latter
rire;laugh
lancer;launch
loi;law
pelouse;lawn
procs;lawsuit
avocat;lawyer
pondre;lay
couche;layer
plomb;lead
chef;leader
leadership;leadership
directeur;leading
feuille;leaf
ligue;league
maigre;lean
apprendre;learn
apprentissage;learning
moins;least
cuir;leather
partir;leave
Gauche;left
jambe;leg
héritage;legacy
légal;legal
légende;legend
législation;legislation
légitime;legitimate
citron;lemon
longueur;length
moins;less
leon;lesson
laisser;let
lettre;letter
niveau;level
libéral;liberal
bibliothque;library
licence;license
mensonge;lie
vie;life
mode de vie;lifestyle
vie;lifetime
lever;lift
lumire;light
comme;like
probable;likely
limite;limit
limitation;limitation
limité;limited
ligne;line
lien;link
lvre;lip
liste;list
écouter;listen
littéralement;literally
littéraire;literary
littérature;literature
peu;little
vivre;live
vivant;living
charger;load
prt;loan
local;local
localiser;locate
emplacement;location
serrure;lock
long;long
à long terme;long-term
regarder;look
lâche;loose
perdre;lose
perte;loss
perdu;lost
lot;lot
Beaucoup;lots
fort;loud
amour;love
charmant;lovely
amant;lover
bas;low
baisser;lower
chance;luck
chanceux;lucky
déjeuner;lunch
poumon;lung
machine;machine
fou;mad
revue;magazine
courrier;mail
principal;main
principalement;mainly
maintenir;maintain
entretien;maintenance
majeur;major
majorité;majority
faire;make
fabricant;maker
maquillage;makeup
mâle;male
centre commercial;mall
homme;man
gérer;manage
gestion;management
gérant;manager
manire;manner
fabricant;manufacturer
fabrication;manufacturing
beaucoup;many
carte;map
marge;margin
marque;mark
marché;market
marketing;marketing
mariage;marriage
marié;married
épouser;marry
masque;mask
masse;mass
massif;massive
maître;master
allumette;match
matériel;material
mathématiques;math
affaire;matter
Mai;may
peut-tre;maybe
aîné;mayor
me;me
repas;meal
méchant;mean
signification;meaning
entre-temps;meanwhile
mesurer;measure
mesure;measurement
viande;meat
mécanisme;mechanism
média;media
médical;medical
médicament;medication
médicament;medicine
Douleur moyenne;medium
rencontrer;meet
réunion;meeting
membre;member
adhésion;membership
mémoire;memory
mental;mental
mentionner;mention
menu;menu
plus;mere
simplement;merely
désordre;mess
Message;message
métal;metal
mtre;meter
méthode;method
Mexicain;Mexican
milieu;middle
puissance;might
militaire;military
lait;milk
million;million
esprit;mind
mine;mine
ministre;minister
mineur;minor
minorité;minority
minute;minute
miracle;miracle
miroir;mirror
rater;miss
missile;missile
mission;mission
erreur;mistake
mélanger;mix
mélange;mixture
mm-hmm;mm-hmm
mode;mode
modle;model
modéré;moderate
moderne;modern
modeste;modest
maman;mom
moment;moment
argent;money
moniteur;monitor
mois;month
humeur;mood
lune;moon
moral;moral
plus;more
en outre;moreover
Matin;morning
hypothque;mortgage
le plus;most
surtout;mostly
Mre;mother
mouvement;motion
motivation;motivation
moteur;motor
monter;mount
montagne;mountain
souris;mouse
bouche;mouth
bouger;move
mouvement;movement
film;movie
Monsieur;Mr
Madame;Mrs
Ms;Ms
beaucoup;much
multiple;multiple
meurtre;murder
muscle;muscle
musée;museum
musique;music
musical;musical
musicien;musician
Musulman;Muslim
devoir;must
mutuel;mutual
mon;my
moi-mme;myself
mystre;mystery
mythe;myth
nu;naked
nom;name
narratif;narrative
étroit;narrow
nation;nation
national;national
indigne;native
naturel;natural
naturellement;naturally
nature;nature
prs;near
proche;nearby
presque;nearly
nécessairement;necessarily
nécessaire;necessary
cou;neck
besoin;need
Négatif;negative
négocier;negotiate
négociation;negotiation
voisin;neighbor
quartier;neighborhood
ni;neither
nerf;nerve
nerveux;nervous
filet;net
réseau;network
jamais;never
néanmoins;nevertheless
Nouveau;new
nouvellement;newly
nouvelles;news
journal;newspaper
prochain;next
gentil;nice
Nuit;night
Neuf;nine
Non;no
personne;nobody
hocher;nod
bruit;noise
nomination;nomination
aucun;none
néanmoins;nonetheless
ni;nor
normal;normal
normalement;normally
Nord;north
septentrional;northern
nez;nose
non;not
note;note
rien;nothing
remarquer;notice
notion;notion
roman;novel
Maintenant;now
nulle part;nowhere
n't;n't
nucléaire;nuclear
nombre;number
nombreux;numerous
infirmier;nurse
écrou;nut
objet;object
objectif;objective
obligation;obligation
observation;observation
observer;observe
observateur;observer
obtenir;obtain
évident;obvious
évidemment;obviously
occasion;occasion
parfois;occasionally
occupation;occupation
occuper;occupy
arriver;occur
océan;ocean
étrange;odd
chances;odds
de;of
de;off
insulte;offense
offensive;offensive
offrir;offer
bureau;office
officier;officer
fonctionnaire;official
souvent;often
oh;oh
huile;oil
d'accord;ok
d'accord;okay
vieux;old
Olympique;Olympic
sur;on
une fois;once
Un;one
actuel;ongoing
oignon;onion
en ligne;online
seulement;only
sur;onto
ouvrir;open
ouverture;opening
opérer;operate
opérationnel;operating
opération;operation
opérateur;operator
opinion;opinion
adversaire;opponent
occasion;opportunity
opposer;oppose
opposé;opposite
opposition;opposition
option;option
ou;or
orange;orange
commande;order
ordinaire;ordinary
organique;organic
organisation;organization
organiser;organize
orientation;orientation
origine;origin
Langue source;original
originairement;originally
autre;other
autrui;others
autrement;otherwise
Devrait;ought
notre;our
nous-mmes;ourselves
dehors;out
résultat;outcome
dehors;outside
four;oven
sur;over
total;overall
vaincre;overcome
négliger;overlook
devoir;owe
posséder;own
propriétaire;owner
pas;pace
emballer;pack
colis;package
page;page
Douleur;pain
douloureux;painful
peinture;paint
peintre;painter
peinture;painting
paire;pair
pâle;pale
Palestinien;Palestinian
paume;palm
monsieur;pan
panneau;panel
haleter;pant
papier;paper
parent;parent
parc;park
parking;parking
partie;part
participant;participant
participer;participate
participation;participation
particulier;particular
particulirement;particularly
partiellement;partly
partenaire;partner
association;partnership
parti;party
passer;pass
passage;passage
passager;passenger
passion;passion
passé;past
rapiécer;patch
chemin;path
patient;patient
modle;pattern
pause;pause
payer;pay
paiement;payment
PC;PC
paix;peace
sommet;peak
pair;peer
pénalité;penalty
gens;people
poivre;pepper
pour;per
percevoir;perceive
pourcentage;percentage
perception;perception
Parfait;perfect
parfaitement;perfectly
exécuter;perform
performance;performance
peut-tre;perhaps
période;period
permanent;permanent
autorisation;permission
permettre;permit
personne;person
personnel;personal
personnalité;personality
personnellement;personally
personnel;personnel
perspective;perspective
persuader;persuade
animal domestique;pet
phase;phase
phénomne;phenomenon
philosophie;philosophy
Téléphone;phone
photo;photo
photographier;photograph
photographe;photographer
phrase;phrase
physique;physical
physiquement;physically
médecin;physician
plan;piano
cueillir;pick
image;picture
pied;pie
morceau;piece
tas;pile
pilote;pilot
pin;pine
rose;pink
pipe;pipe
tanguer;pitch
lieu;place
plan;plan
avion;plane
plante;planet
planification;planning
planter;plant
plastique;plastic
assiette;plate
plateforme;platform
jouer;play
joueur;player
S'il vous plaît;please
plaisir;pleasure
abondance;plenty
complot;plot
plus;plus
PM;PM
poche;pocket
pome;poem
pote;poet
poésie;poetry
point;point
pôle;pole
police;police
politique;policy
politique;political
politiquement;politically
politicien;politician
politique;politics
scrutin;poll
pollution;pollution
mare;pool
pauvre;poor
pop;pop
populaire;popular
population;population
véranda;porch
port;port
part;portion
portrait;portrait
dépeindre;portray
pose;pose
position;position
Positif;positive
posséder;possess
possibilité;possibility
possible;possible
peut-tre;possibly
Publier;post
marmite;pot
pomme de terre;potato
potentiel;potential
potentiellement;potentially
piler;pound
pour;pour
pauvreté;poverty
poudre;powder
pouvoir;power
puissant;powerful
pratique;practical
pratique;practice
prier;pray
prire;prayer
précisément;precisely
prédire;predict
préférer;prefer
préférence;preference
grossesse;pregnancy
enceinte;pregnant
préparation;preparation
préparer;prepare
ordonnance;prescription
présence;presence
présent;present
présentation;presentation
préserver;preserve
président;president
présidentiel;presidential
presser;press
pression;pressure
prétendre;pretend
joli;pretty
empcher;prevent
précédent;previous
auparavant;previously
prix;price
orgueil;pride
prtre;priest
principalement;primarily
primaire;primary
premier;prime
principal;principal
principe;principle
imprimer;print
préalable;prior
priorité;priority
prison;prison
prisonnier;prisoner
vie privée;privacy
privé;private
probablement;probably
problme;problem
procédure;procedure
procéder;proceed
processus;process
produire;produce
producteur;producer
produit;product
production;production
profession;profession
professionnel;professional
professeur;professor
profil;profile
bénéfice;profit
programme;program
progrs;progress
projet;project
proéminent;prominent
promesse;promise
promouvoir;promote
prompt;prompt
preuve;proof
convenable;proper
convenablement;properly
propriété;property
proportion;proportion
proposition;proposal
propose;propose
proposé;proposed
procureur;prosecutor
perspective;prospect
protéger;protect
protection;protection
protéine;protein
protestation;protest
fier;proud
prouver;prove
fournir;provide
fournisseur;provider
province;province
disposition;provision
psychologique;psychological
psychologue;psychologist
psychologie;psychology
public;public
publication;publication
publiquement;publicly
publier;publish
éditeur;publisher
tirer;pull
punition;punishment
achat;purchase
aussi;pure
but;purpose
poursuivre;pursue
pousser;push
mettre;put
qualifier;qualify
qualité;quality
quartier;quarter
quarterback;quarterback
question;question
rapide;quick
vite;quickly
tranquille;quiet
tranquillement;quietly
démissionner;quit
assez;quite
citer;quote
course;race
racial;racial
radical;radical
radio;radio
rail;rail
pluie;rain
élever;raise
gamme;range
rang;rank
rapide;rapid
rapidement;rapidly
rare;rare
rarement;rarely
taux;rate
plutôt;rather
notation;rating
ratio;ratio
Cru;raw
atteindre;reach
réagir;react
réaction;reaction
lire;read
lecteur;reader
lecture;reading
prt;ready
réel;real
réalité;reality
réaliser;realize
vraiment;really
raison;reason
raisonnable;reasonable
rappeler;recall
recevoir;receive
récent;recent
récemment;recently
recette;recipe
reconnaissance;recognition
reconnaître;recognize
Recommander;recommend
recommandation;recommendation
enregistrer;record
enregistrement;recording
guérir;recover
récupération;recovery
recruter;recruit
rouge;red
réduire;reduce
réduction;reduction
parrainer;refer
référence;reference
réfléchir;reflect
réflexion;reflection
réforme;reform
réfugié;refugee
refuse;refuse
considérer;regard
concernant;regarding
de toute faon;regardless
régime;regime
région;region
régional;regional
registre;register
régulier;regular
régulirement;regularly
réglementer;regulate
réglementation;regulation
renforcer;reinforce
rejeter;reject
relater;relate
relation;relation
relation;relationship
parent;relative
relativement;relatively
se détendre;relax
libérer;release
Pertinent;relevant
relief;relief
religion;religion
religieux;religious
dépendre;rely
rester;remain
restant;remaining
remarquable;remarkable
se souvenir;remember
rappeler;remind
lointain;remote
enlever;remove
répéter;repeat
plusieurs fois;repeatedly
remplacer;replace
répondre;reply
rapport;report
reporter;reporter
représenter;represent
représentation;representation
représentant;representative
Républicain;Republican
réputation;reputation
demander;request
exiger;require
exigence;requirement
recherche;research
chercheur;researcher
ressembler;resemble
réservation;reservation
résident;resident
résister;resist
résistance;resistance
résolution;resolution
résoudre;resolve
recours;resort
ressource;resource
respect;respect
répondre;respond
personne interrogée;respondent
réponse;response
responsabilité;responsibility
responsable;responsible
se reposer;rest
restaurant;restaurant
restaurer;restore
restriction;restriction
résultat;result
retenir;retain
se retirer;retire
retraite;retirement
rendre;return
révéler;reveal
revenu;revenue
révision;review
révolution;revolution
rythme;rhythm
riz;rice
riche;rich
débarrasser;rid
chevaucher;ride
fusil;rifle
Droite;right
bague;ring
se lever;rise
risque;risk
fleuve;river
route;road
rocher;rock
rôle;role
rouler;roll
romantique;romantic
toit;roof
chambre;room
racine;root
corde;rope
rose;rose
rugueux;rough
environ;roughly
Rond;round
route;route
routine;routine
ramer;row
frotter;rub
rgle;rule
Courir;run
course;running
rural;rural
se précipiter;rush
Russe;Russian
sacré;sacred
triste;sad
sér;safe
sécurité;safety
saké;sake
salade;salad
salaire;salary
vente;sale
ventes;sales
sel;salt
mme;same
échantillon;sample
sanction;sanction
sable;sand
satellite;satellite
satisfaction;satisfaction
satisfaire;satisfy
sauce;sauce
sauvegarder;save
épargne;saving
dire;say
écaille;scale
scandale;scandal
Effrayé;scared
scénario;scenario
scne;scene
horaire;schedule
schéma;scheme
savant;scholar
bourse;scholarship
école;school
science;science
scientifique;scientific
scientifique;scientist
portée;scope
score;score
crier;scream
écran;screen
script;script
mer;sea
rechercher;search
saison;season
sige;seat
deuxime;second
secret;secret
secrétaire;secretary
section;section
secteur;sector
sér;secure
sécurité;security
voir;see
Graines;seed
chercher;seek
sembler;seem
segment;segment
saisir;seize
choisir;select
sélection;selection
mme;self
vendre;sell
Sénat;Senate
sénateur;senator
Envoyer;send
supérieur;senior
sens;sense
sensible;sensitive
phrase;sentence
séparer;separate
séquence;sequence
série;series
sérieux;serious
sérieusement;seriously
servir;serve
service;service
session;session
poser;set
réglage;setting
régler;settle
rglement;settlement
Sept;seven
plusieurs;several
Forte douleur;severe
sexe;sex
sexuel;sexual
ombre;shade
ombre;shadow
secouer;shake
Est;shall
forme;shape
Partager;share
tranchant;sharp
elle;she
feuille;sheet
étagre;shelf
coquille;shell
abri;shelter
Période de travail;shift
briller;shine
bateau;ship
chemise;shirt
merde;shit
choc;shock
chaussure;shoe
tirer;shoot
tir;shooting
boutique;shop
achats;shopping
rivage;shore
court;short
bientôt;shortly
tir;shot
devoir;should
épaule;shoulder
crier;shout
montrer;show
douche;shower
hausser les épaules;shrug
fermer;shut
malade;sick
côté;side
soupir;sigh
vue;sight
signe;sign
signal;signal
importance;significance
significatif;significant
significativement;significantly
silence;silence
silencieux;silent
argent;silver
semblable;similar
de la mme faon;similarly
simple;simple
simplement;simply
sans;sin
depuis;since
chanter;sing
chanteur;singer
célibataire;single
couler;sink
monsieur;sir
Soeur;sister
s'asseoir;sit
site;site
situation;situation
Six;six
taille;size
ski;ski
habileté;skill
peau;skin
ciel;sky
esclave;slave
dormir;sleep
tranche;slice
glisser;slide
léger;slight
légrement;slightly
glisser;slip
lent;slow
lentement;slowly
petit;small
intelligent;smart
odeur;smell
sourire;smile
fumée;smoke
lisse;smooth
casser;snap
neige;snow
ainsi;so
prétendu;so-called
football;soccer
social;social
société;society
mou;soft
logiciel;software
terre;soil
solaire;solar
soldat;soldier
solide;solid
solution;solution
résoudre;solve
quelques;some
quelqu'un;somebody
D'une manire ou d'une;somehow
quelqu'un;someone
quelque chose;something
parfois;sometimes
légrement;somewhat
quelque part;somewhere
son;son
chanson;song
bientôt;soon
sophistiqué;sophisticated
Pardon;sorry
trier;sort
âme;soul
son;sound
soupe;soup
source;source
Sud;south
austral;southern
Soviétique;Soviet
espace;space
Espagnol;Spanish
parler;speak
orateur;speaker
spécial;special
spécialiste;specialist
espce;species
spécifique;specific
spécifiquement;specifically
discours;speech
vitesse;speed
dépenser;spend
dépense;spending
filer;spin
esprit;spirit
spirituel;spiritual
fendre;split
porte-parole;spokesman
sport;sport
tache;spot
Propagation;spread
source;spring
carré;square
presser;squeeze
stabilité;stability
étable;stable
personnel;staff
étape;stage
marche;stair
pieu;stake
Debout;stand
standard;standard
debout;standing
étoile;star
Vieux;stare
commencer;start
état;state
déclaration;statement
gare;station
statistiques;statistics
statut;status
rester;stay
régulier;steady
voler;steal
acier;steel
pas;step
bâton;stick
encore;still
remuer;stir
stock;stock
estomac;stomach
pierre;stone
arrter;stop
stockage;storage
boutique;store
tempte;storm
histoire;story
Droit;straight
étrange;strange
étranger;stranger
stratégique;strategic
stratégie;strategy
ruisseau;stream
rue;street
force;strength
fortifier;strengthen
stress;stress
étirer;stretch
frapper;strike
corde;string
bande;strip
caresser;stroke
fort;strong
fortement;strongly
structure;structure
lutter;struggle
étudiant;student
studio;studio
étudier;study
bourrer;stuff
stupide;stupid
style;style
Objet;subject
Envoyer;submit
suivant;subsequent
substance;substance
substantiel;substantial
réussir;succeed
succs;success
réussi;successful
avec succs;successfully
tel;such
soudain;sudden
soudainement;suddenly
poursuivre en justice;sue
souffrir;suffer
suffisant;sufficient
sucre;sugar
suggérer;suggest
suggestion;suggestion
suicide;suicide
complet;suit
été;summer
sommet;summit
soleil;sun
super;super
approvisionnement;supply
soutien;support
partisan;supporter
supposer;suppose
supposé;supposed
Suprme;Supreme
sér;sure
sérement;surely
Surface;surface
chirurgie;surgery
surprendre;surprise
étonné;surprised
surprenant;surprising
étonnamment;surprisingly
entourer;surround
enqute;survey
survie;survival
survivre;survive
survivant;survivor
souponner;suspect
soutenir;sustain
jurer;swear
balayer;sweep
sucré;sweet
nager;swim
Balanoire;swing
interrupteur;switch
symbole;symbol
Symptôme;symptom
systme;system
table;table
cuillre à soupe;tablespoon
tactique;tactic
queue;tail
prendre;take
tel;tale
talent;talent
parler;talk
grand;tall
tank;tank
robinet;tap
bande;tape
cible;target
tâche;task
goéter;taste
Taxe;tax
contribuable;taxpayer
thé;tea
enseigner;teach
enseignant;teacher
enseignement;teaching
équipe;team
larme;tear
petite cuillre;teaspoon
technique;technical
technique;technique
Technologie;technology
adolescent;teen
adolescent;teenager
téléphone;telephone
télescope;telescope
télévision;television
raconter;tell
température;temperature
temporaire;temporary
Dix;ten
tendre;tend
tendance;tendency
tennis;tennis
tension;tension
tente;tent
terme;term
petits caractres;terms
terrible;terrible
territoire;territory
terreur;terror
terrorisme;terrorism
terroriste;terrorist
test;test
témoigner;testify
témoignage;testimony
test;testing
SMS;text
que;than
remercier;thank
merci;thanks
cela;that
le;the
théâtre;theater
leur;their
eux;them
thme;theme
eux-mmes;themselves
alors;then
théorie;theory
thérapie;therapy
là;there
donc;therefore
ceux-ci;these
ils;they
épais;thick
mince;thin
chose;thing
penser;think
pensée;thinking
troisime;third
Trente;thirty
ceci;this
ces;those
bien que;though
pensée;thought
Mille;thousand
menace;threat
menacer;threaten
Trois;three
gorge;throat
par;through
partout;throughout
jeter;throw
ainsi;thus
billet;ticket
attacher;tie
serré;tight
Heure;time
minuscule;tiny
pourboire;tip
pneu;tire
fatigué;tired
tissu;tissue
titre;title
à;to
tabac;tobacco
Aujourd'hui;today
fermer;toe
ensemble;together
tomate;tomato
demain;tomorrow
ton;tone
langue;tongue
ce soir;tonight
aussi;too
outil;tool
dent;tooth
Retour au début;top
sujet;topic
jeter;toss
total;total
totalement;totally
Toucher;touch
dur;tough
tour;tour
touriste;tourist
tournoi;tournament
vers;toward
vers;towards
tour;tower
ville;town
jouet;toy
trace;trace
piste;track
commerce;trade
tradition;tradition
traditionnel;traditional
trafic;traffic
tragédie;tragedy
sentier;trail
train;train
formation;training
transfert;transfer
transformer;transform
transformation;transformation
transition;transition
Traduire;translate
transport;transportation
voyager;travel
soigner;treat
traitement;treatment
traité;treaty
arbre;tree
énorme;tremendous
tendance;trend
procs;trial
tribu;tribe
tromper;trick
voyage;trip
troupe;troop
problme;trouble
camion;truck
VRAI;true
vraiment;truly
confiance;trust
vérité;truth
essayer;try
tube;tube
tunnel;tunnel
tourner;turn
TV;TV
Douze;twelve
Vingt;twenty
deux fois;twice
Jumeau;twin
Deux;two
type;type
typique;typical
typiquement;typically
laid;ugly
ultime;ultimate
finalement;ultimately
incapable;unable
oncle;uncle
sous;under
subir;undergo
comprendre;understand
compréhension;understanding
malheureusement;unfortunately
uniforme;uniform
union;union
unique;unique
unité;unit
Uni;United
universel;universal
univers;universe
université;university
inconnu;unknown
Sinon;unless
dissemblable;unlike
improbable;unlikely
jusqu'à;until
inhabituel;unusual
en haut;up
sur;upon
supérieur;upper
urbain;urban
presser;urge
nous;us
utiliser;use
utilisé;used
utile;useful
utilisateur;user
habituel;usual
habituellement;usually
utilité;utility
vacances;vacation
vallée;valley
précieux;valuable
valeur;value
variable;variable
variation;variation
variété;variety
divers;various
varier;vary
vaste;vast
légume;vegetable
véhicule;vehicle
entreprise;venture
version;version
contre;versus
trs;very
bateau;vessel
vétéran;veteran
route;via
victime;victim
victoire;victory
vidéo;video
vue;view
spectateur;viewer
village;village
violer;violate
violation;violation
violence;violence
violent;violent
pratiquement;virtually
vertu;virtue
virus;virus
visible;visible
vision;vision
visite;visit
visiteur;visitor
visuel;visual
vital;vital
voix;voice
volume;volume
volontaire;volunteer
voter;vote
voter;voter
Vs;vs
vulnérable;vulnerable
salaire;wage
attendre;wait
réveiller;wake
marcher;walk
mur;wall
errer;wander
vouloir;want
était;war
chaud;warm
avertir;warn
avertissement;warning
laver;wash
gaspiller;waste
montre;watch
Eau;water
vague;wave
manire;way
nous;we
faible;weak
richesse;wealth
riche;wealthy
arme;weapon
porter;wear
temps;weather
mariage;wedding
semaine;week
weekend;weekend
hebdomadaire;weekly
peser;weigh
poids;weight
Bienvenue;welcome
bien-tre;welfare
puits;well
Ouest;west
occidental;western
mouillé;wet
quoi;what
quoi que;whatever
roue;wheel
quand;when
chaque fois que;whenever
où;where
tandis que;whereas
si;whether
quel;which
pendant que;while
Murmurer;whisper
blanc;white
qui;who
entier;whole
que;whom
dont;whose
pourquoi;why
large;wide
largement;widely
étendu;widespread
Femme;wife
sauvage;wild
volonté;will
disposé;willing
gagner;win
vent;wind
fentre;window
vin;wine
aile;wing
gagnant;winner
hiver;winter
essuyer;wipe
fil;wire
sagesse;wisdom
sage;wise
souhaiter;wish
avec;with
retirer;withdraw
dedans;within
sans;without
témoin;witness
femme;woman
Se demander;wonder
merveilleux;wonderful
bois;wood
en bois;wooden
mot;word
travail;work
travailleur;worker
travaillant;working
usine;works
atelier;workshop
monde;world
inquiet;worried
souci;worry
valeur;worth
serait;would
blessure;wound
envelopper;wrap
écrire;write
écrivain;writer
écriture;writing
erreur;wrong
yard;yard
oui;yeah
année;year
crier;yell
jaune;yellow
oui;yes
Hier;yesterday
encore;yet
rendement;yield
vous;you
jeune;young
votre;your
vôtre;yours
toi-mme;yourself
jeunesse;youth
zone;zone
